url,label
http://fake-bank.com/secure/login,1
http://malicious-reset-password.com/urgent/update,1
http://192.168.1.1/admin/setup,1
http://amaz0n-secure.xyz/verify-account,1
http://g00gle-login.tk/signin-now,1
http://secure-entry.paypal.p-ayp.al/verify,1
http://apple-id.secure-check.ga/verify,1
http://netflix-account-update.cf/login,1
http://inst-agram-secure.gq/login,1
http://ebay-member-confirm.ml/account,1
http://paypa1-login.xyz/verify,1
http://micros0ft-support.pw/reset,1
http://10.0.0.1/phish/login.php,1
http://facebok-security.cc/confirm,1
http://netfl1x-billing.top/update,1
http://secure-wells-farg0.work/signin,1
http://bankofamerica-verify.click/urgent,1
http://chase-confirm.stream/password,1
http://apple-id-suspended.download/verify,1
http://172.16.0.1:8443/admin/login,1
http://paypal-confirm-identity.ml/secure/update,1
http://amazon-order-problem.ga/verify-now,1
http://linkedin-security-alert.cf/signin,1
http://dropbox-shared-document.gq/view,1
http://microsoft-365-verify.tk/login,1
https://www.legitimate-bank.com,0
https://secure.paypal.com,0
https://amazon.com/account/settings,0
https://google.com/search,0
https://microsoft.com/en-us/support,0
https://facebook.com/login.php,0
https://github.com/login,0
https://twitter.com/home,0
https://linkedin.com/feed,0
https://chase.com/personal,0
https://www.bankofamerica.com/online-banking,0
https://www.wellsfargo.com/checking,0
https://www.apple.com/shop,0
https://www.netflix.com/browse,0
https://www.dropbox.com/home,0
https://outlook.office365.com/mail,0
https://www.instagram.com/accounts/login,0
https://www.reddit.com,0
https://www.stackoverflow.com/questions,0
https://www.wikipedia.org/wiki/Main_Page,0
https://mail.google.com/mail/inbox,0
https://drive.google.com/drive/my-drive,0
https://www.youtube.com/feed/subscriptions,0
https://www.ebay.com/myb/Summary,0
https://www.nytimes.com,0
